;_/_/_/_/_/_/_/_/_/_/_/_/_/_/_/_/_/_/_/_/_/_/_/_/#
;
;	Module		:Tequip.csv
;	Facility	:iniファイル(Tequip)。
;				 Tequipのデータを設定する。
;
;	Licence		:ライセンスフリー。
;
;_/_/_/_/_/_/_/_/_/_/_/_/_/_/_/_/_/_/_/_/_/_/_/_/#

;-------------------------------------------------
; メモ:
;  特になし
;-------------------------------------------------

;-------------------------------------------------
; [000-049]			XXXX
;-------------------------------------------------

;-----------------------------
;- サブコマンド用ポイント（部位）
;-----------------------------
000,ポイント性交,;性交系
001,ポイント奉仕,;手淫やフェラ等
002,ポイント愛撫,;愛撫や胸吸い等
003,ポイントキス,;キス等

010,ポイント性交前回,;
011,ポイント奉仕前回,;
012,ポイント愛撫前回,;
013,ポイントキス前回,;

020,Ｖ器具,;真偽値
021,Ａ器具,;真偽値
022,Ｖ器具経過ターン,;
023,Ａ器具経過ターン,;


;-----------------------------
;- その他
;-----------------------------
030,ペニス占有部位１
031,ペニス占有部位２
032,ペニス占有部位３
033,ペニス占有者１
034,ペニス占有者２
035,ペニス占有者３


