;--------------------------------------------------------------------------------------------------
; [3000-6999]	技能名	
;--------------------------------------------------------------------------------------------------
3001,目星,;
3002,聞き耳,;
3003,鍵開け,;
3004,忍び歩き,;
3005,隠れる,;
3006,水泳,;
3007,高跳び,;
3008,登攀,;
3009,説得,;
3010,信用,;
3011,精神分析,;
3012,医学,;
3013,応急手当,;
3014,心理学,;
3015,数学,;
3016,演算,;
3017,科学,;
3018,電機修理,;
3019,機械操作,;
3020,歴史,;
3021,オカルト,;
3022,外国語,;
3023,図書館,;
3024,コンピュータ,;


3400,アイデア,;
3401,知識,;
3402,幸運,;



3501,こぶし,;
3502,キック,;
3503,武道,;
3504,銃器,;
3505,鈍器,;
3506,刃物,;
3507,投擲,;
3508,罠,;
3509,二刀流,;
3510,二丁拳銃,;
3511,回避,;










;---------------------------------------------------,
;性格,
;---------------------------------------------------,

;[05000-09999]性格別語尾
;礼儀正しい
5000,です
5001,ですね
5002,んです
5003,ります
5004,します
5005,ですかね
5006,ですよね
5007,下さい
5008,です
5009,て下さい
5010,です
5011,ですよ
5012,です
5013,ですか
5014,います
5015,ます
5016,りますね
5017,なんでしょうか
5018,はい
5019,いいえ
5020,ですか
5021,のですか
5022,て下さい
5023,ですか
5024,ありがとうございます
5025,すみません
5026,します
5027,あっ
5028,なりましょう
5029,です
5030,ます
5031,です
5032,りました
5033,なんですよ
5034,みますか
5035,ですね
5036,りましょう
5037,しましたか
5038,そうですか
5039,くれますか
5040,です
5041,お
5042,ご
5043,ですが
5044,りますか
5045,ますか
5046,クスッ
5047,ので
5048,ダメぇ
5049,きましょう
5050,のですね
5051,の
5052,しないで下さい
5053,てしまいます
5054,て下さい
5055,ありません
5056,ますし

;クール
5100,だ
5101,だ
5102,よ
5103,るよ
5104,するよ
5105,かな
5106,だよね
5107,ね
5108,よ
5109,てね
5110,よ
5111,よ
5112,だよ
5113,なんだい
5114,るよ
5115,るよ
5116,るよ
5117,何だい
5118,うん
5119,ううん
5120,かな
5121,のかな
5122,て
5123,かな
5124,ありがとう
5125,ごめんね
5126,するよ
5127,あれ
5128,なろう
5129,だね
5130,るよ
5131,だ
5132,ったよ
5133,なんだ
5134,みる
5135,ね
5136,ろう
5137,した
5138,そう
5139,くれる
5140,よ
5141,
5142,
5143,だけど
5144,る
5145,る
5146,フッ
5147,から
5148,駄目
5149,こう
5150,んだね
5151,ん
5152,いらないよ
5153,ちゃうね
5154,て
5155,ないよ
5156,しね

;ツンツン
5200,よ
5201,よね
5202,わ
5203,るわよ
5204,するわ
5205,かしら
5206,よね
5207,よね
5208,わよ
5209,なさい
5210,じゃない
5211,わよ
5212,よ
5213,なのよ
5214,るわよ
5215,るわ
5216,るわ
5217,何かしら
5218,えぇ
5219,いえ
5220,よ
5221,のよ
5222,なさい
5223,かしら
5224,ありがと
5225,ごめん
5226,するわ
5227,あら
5228,なりましょう
5229,ね
5230,るわ
5231,よ
5232,ったわよ
5233,なのよ
5234,みる
5235,わね
5236,りましょう
5237,した
5238,そう
5239,くれるかしら
5240,わ
5241,
5242,
5243,だけど
5244,るのかしら
5245,るかしら
5246,フフッ
5247,から
5248,ダメぇ
5249,きましょう
5250,のね
5251,の
5252,しないで
5253,ちゃう
5254,てよね
5255,ないわ
5256,でしょ

;マイペース
5300,だよ
5301,だね
5302,よ
5303,るよ
5304,ね
5305,かな
5306,だよね
5307,ね
5308,よ
5309,てね
5310,ね
5311,よ
5312,だよ
5313,なのさ
5314,るよ
5315,るよ
5316,るね
5317,何かな
5318,うん
5319,ううん
5320,かな
5321,のさ
5322,て
5323,かな
5324,ありがとう
5325,ごめんね
5326,するよ
5327,あれ
5328,なろう
5329,だね
5330,るよ
5331,だ
5332,ったよ
5333,なんだよ
5334,みる
5335,ね
5336,ろう
5337,した
5338,そう
5339,くれる
5340,よ
5341,
5342,
5343,だけど
5344,るの
5345,るかな
5346,フフッ
5347,から
5348,駄目
5349,こう
5350,んだね
5351,ん
5352,いらないよ
5353,る
5354,て
5355,ないよ
5356,しね


;高圧的
5400,よ
5401,よ
5402,わ
5403,るわ
5404,するわ
5405,かしら
5406,よね
5407,よね
5408,わ
5409,なさい
5410,わね
5411,わよ
5412,よ
5413,かしら
5414,るわ
5415,るわ
5416,るわ
5417,何よ
5418,そうね
5419,いえ
5420,よ
5421,のよ
5422,なさい
5423,かしら
5424,ありがとう
5425,ごめんなさい
5426,するわ
5427,あら
5428,なりましょう
5429,ね
5430,るわ
5431,よ
5432,ったわ
5433,なのよ
5434,みる
5435,わね
5436,りましょう
5437,した
5438,そう
5439,くれるかしら
5440,わ
5441,
5442,
5443,だけど
5444,るのかしら
5445,るかしら
5446,クスッ
5447,から
5448,ダメぇ
5449,きましょう
5450,のね
5451,の
5452,いらないわ
5453,てしまうわ
5454,なさい
5455,ないわ
5456,でしょう

;荒々しい
5500,だ
5501,だな
5502,ぞ
5503,るぞ
5504,するぜ
5505,だ
5506,だよな
5507,くれ
5508,ぞ
5509,ろよ
5510,な
5511,ぜ
5512,だ
5513,だ
5514,るぜ
5515,るぜ
5516,るぜ
5517,なんだよ
5518,あぁ
5519,いや
5520,だ
5521,んだ
5522,ろ
5523,か
5524,ありがとな
5525,悪い
5526,する
5527,おっ
5528,なろう
5529,だな
5530,るぜ
5531,だ
5532,った
5533,なんだぞ
5534,みるか
5535,な
5536,るぞ
5537,したか
5538,そうか
5539,くれるか
5540,よ
5541,
5542,
5543,だが
5544,るか
5545,るか
5546,フッ
5547,から
5548,やめろぉ
5549,こうぜ
5550,んだな
5551,ん
5552,するな
5553,るな
5554,ろよ
5555,ない
5556,だろ

;弱気
5600,です
5601,ですね
5602,んです
5603,ります
5604,します
5605,ですかね
5606,ですよね
5607,下さい
5608,です
5609,て下さい
5610,です
5611,ですよ
5612,です
5613,ですか
5614,います
5615,ます
5616,りますね
5617,なんですか
5618,はい
5619,いいえ
5620,ですか
5621,んですか
5622,て下さい
5623,ですか
5624,あ…ありがとうございます
5625,す…すみません
5626,します
5627,あっ
5628,なりましょう
5629,ですね
5630,ます
5631,です
5632,りました
5633,なんですよ
5634,みますか
5635,ですね
5636,りましょう
5637,しましたか
5638,そうですか
5639,くれますか
5640,です
5641,お
5642,ご
5643,ですが
5644,りますか
5645,ますか
5646,クスッ
5647,ので
5648,ダメぇ
5649,きましょう
5650,のですね
5651,の
5652,しないで下さい
5653,ちゃう
5654,て下さい
5655,ありません
5656,ますし

;気品高い
5700,ですね
5701,ですね
5702,んです
5703,ります
5704,致します
5705,でしょう
5706,ですね
5707,下さいませ
5708,ですわ
5709,て下さいね
5710,です
5711,ですよ
5712,です
5713,なのですか
5714,います
5715,ますね
5716,りますね
5717,なんでしょう
5718,はい
5719,いいえ
5720,でしょう
5721,のですか
5722,て下さい
5723,でしょうか
5724,ありがとうございます
5725,申し訳御座いません
5726,致します
5727,あらぁ
5728,なりましょう
5729,ですね
5730,ます
5731,です
5732,りましたわ
5733,なんですよ
5734,みますか
5735,ですね
5736,りましょう
5737,しましたか
5738,そうですか
5739,くださいますか
5740,です
5741,お
5742,ご
5743,ですが
5744,りますか
5745,ますか
5746,クスッ
5747,ので
5748,ダメぇ
5749,きましょう
5750,のですね
5751,の
5752,しないで下さい
5753,しまいます
5754,て下さいませ
5755,ありません
5756,でしょう

;男気
5800,だな
5801,だな
5802,ぞ
5803,るぞ
5804,する
5805,だ
5806,だよな
5807,くれ
5808,ぞ
5809,てくれ
5810,な
5811,ぞ
5812,だ
5813,だ
5814,るぞ
5815,るぜ
5816,るよ
5817,なんだ
5818,あぁ
5819,いや
5820,だ
5821,んだ
5822,てくれ
5823,か
5824,ありがとな
5825,悪いな
5826,する
5827,あぁ
5828,なろう
5829,だな
5830,るぞ
5831,だ
5832,った
5833,なんだぞ
5834,みるか
5835,な
5836,るぞ
5837,したか
5838,そうか
5839,くれるか
5840,よ
5841,
5842,
5843,だが
5844,るか
5845,るか
5846,フッ
5847,から
5848,やめろぉ
5849,くか
5850,んだな
5851,ん
5852,するな
5853,るな
5854,てくれよ
5855,ない
5856,だろう

;色っぽい
5900,ね
5901,ね
5902,わ
5903,るわ
5904,するわね
5905,かしらね
5906,よね
5907,下さいね
5908,わよ
5909,てね
5910,じゃない
5911,わよ
5912,よ
5913,かしら
5914,るわ
5915,るわね
5916,わね
5917,何かしら
5918,えぇ
5919,いいえ
5920,かしら
5921,のかしら
5922,て
5923,かしら
5924,ありがとうございます
5925,ごめんなさい
5926,するわ
5927,あらあら
5928,なりましょう
5929,ね
5930,るわ
5931,よ
5932,ったわ
5933,なのよ
5934,みる
5935,わね
5936,りましょう
5937,した
5938,そう
5939,くれる
5940,わ
5941,お
5942,ご
5943,だけど
5944,るのかしら
5945,るかしら
5946,クスッ
5947,ので
5948,イヤ
5949,きましょう
5950,のですね
5951,の
5952,いらないわ
5953,ちゃうわね
5954,てね
5955,ないわ
5956,でしょう

;フレンドリー
6000,ね
6001,ね
6002,わよ
6003,るわ
6004,するわね
6005,かしら
6006,よね
6007,ね
6008,わよ
6009,てね
6010,じゃない
6011,わよ
6012,よ
6013,なのよ
6014,るわ
6015,る
6016,るわね
6017,何かしら
6018,そうね
6019,ううん
6020,かしら
6021,のよ
6022,なさい
6023,かしら
6024,ありがと
6025,ごめん
6026,するわ
6027,あら
6028,なりましょう
6029,ね
6030,るわ
6031,よ
6032,ったわ
6033,なのよ
6034,みる
6035,わね
6036,りましょう
6037,した
6038,そう
6039,くれるかしら
6040,わ
6041,
6042,
6043,だけど
6044,るのかしら
6045,るかしら
6046,クスッ
6047,から
6048,ダメぇ
6049,きましょう
6050,のね
6051,の
6052,いらないわよ
6053,ちゃうわね
6054,てね
6055,ないわ
6056,でしょ

;古風
6100,じゃ
6101,じゃな
6102,ぞ
6103,ろうかの
6104,する
6105,なのじゃ
6106,じゃな
6107,たもれ
6108,ぞ
6109,とくれ
6110,ぞ
6111,ぞ
6112,じゃ
6113,なのじゃ
6114,おるぞ
6115,ようぞ
6116,ろうぞ
6117,何かの
6118,うむ
6119,いやじゃ
6120,じゃ
6121,のかえ
6122,てたもれ
6123,かぇ
6124,ありがとう
6125,すまぬ
6126,するぞ
6127,うむ
6128,なるかの
6129,じゃ
6130,るのじゃ
6131,じゃ
6132,ったぞ
6133,なのじゃ
6134,みるかの
6135,わ
6136,るかの
6137,したか
6138,うむ
6139,もらえるか
6140,じゃ
6141,お
6142,ご
6143,じゃが
6144,るか
6145,るか
6146,くふふっ
6147,ので
6148,ならぬ
6149,こうか
6150,んじゃな
6151,ん
6152,いらぬぞ
6153,てしまうか
6154,よ
6155,ないな
6156,じゃろう

;子供っぽい,
6200,なの
6201,なの
6202,の
6203,るの
6204,するです
6205,かな
6206,なのよね
6207,ね
6208,の
6209,てほしいの
6210,の
6211,の
6212,なの
6213,なの
6214,るの
6215,るの
6216,るの
6217,なぁに
6218,はぁい
6219,えぇと
6220,
6221,の
6222,てほしいの
6223,
6224,ありがとぉ
6225,ごめんなさい
6226,するの
6227,あーっ
6228,なるの
6229,なの
6230,るの
6231,ですぅ
6232,ったの
6233,なのよ
6234,みるの
6235,のぉ
6236,ろうね
6237,したの
6238,うん
6239,ちょーだい
6240,の
6241,
6242,
6243,だけど
6244,るの
6245,るの
6246,えへへっ
6247,んで
6248,ヤダぁ
6249,こ
6250,んだね
6251,ん
6252,いらないよ
6253,ちゃうの
6254,てぇ
6255,ないよぉ
6256,でしょ

;おしゃま,
6300,です
6301,ですよね
6302,んです
6303,ります
6304,します
6305,ですか
6306,ですよね
6307,下さい
6308,です
6309,て下さい
6310,です
6311,ですよ
6312,です
6313,ですか
6314,ます
6315,ます
6316,りますね
6317,何です
6318,はい
6319,いいえ
6320,ですか
6321,んですか
6322,て下さい
6323,ですか
6324,あ…ありがとうございます
6325,ご…ごめんなさい
6326,します
6327,あっ
6328,なりましょう
6329,ですね
6330,ます
6331,です
6332,りました
6333,なんですよ
6334,みます
6335,です
6336,りましょう
6337,しました
6338,はい
6339,くれますか
6340,です
6341,お
6342,ご
6343,ですけど
6344,りますか
6345,ます
6346,えへへ…
6347,ので
6348,駄目です
6349,きましょう
6350,んですね
6351,ん
6352,しないで下さい
6353,ちゃいます
6354,てぇ
6355,ないです
6356,でしょう
















